SET search_path TO UniReserve;

---------------- USER_TABLE ----------------
INSERT INTO USER_TABLE (user_id, user_name, designation) VALUES
(201791001,'K S Dasgupta','Professor & Director'),
(200291014,'Sanjay Srivastava','Professor'),
(200391003,'Anish Mathuria','Professor'),
(200591003,'Manjunath Joshi','Professor'),
(200391004,'Suman Kumar Mitra','Professor'),
(200391005,'Vishvajit Pandya','Professor'),
(200391002,'Binita Desai','Professor'),
(200291008,'Sanjeev Gupta','Professor'),
(201091002,'Ranendu Ghosh','Professor'),
(200691005,'Manik Lal Das','Professor'),
(200691007,'Manishkumar Gupta','Professor'),
(201391001,'Biswajit Mishra','Professor'),
(200991001,'Alka Parikh','Professor'),
(201191002,'Amit Bhatt','Professor'),
(200791001,'Hemant A Patil','Professor'),
(201891006,'Anjan Ghosh','Professor'),
(200691006,'Sunitha Murugan','Professor'),
(200591002,'Madhumita Mazumdar','Professor'),
(200991002,'Prasenjit Majumder','Professor'),
(200691602,'Deepak Ghodgaonkar','Professor'),
(201491601,'Naresh Jotwani','Professor'),

(201391002,'Pokhar Mal Jat','Associate Professor'),
(200391010,'Anil Kumar Roy','Associate Professor'),
(201691001,'Yash Vasavada','Associate Professor'),
(200991005,'IVlukesh Tiwari','Associate Professor'),
(200991008,'Minal Bhise','Associate Professor'),
(201491001,'Bhaskar Chaudhury','Associate Professor'),
(201691002,'Arnab Kumar Ray','Associate Professor'),
(201891004,'Pankaj Kumar','Associate Professor'),
(200491003,'Gautam Dutta','Associate Professor'),
(200891004,'Eahul Muthu','Associate Professor'),
(200991006,'Jaideep Mulherkar','Associate Professor'),
(201291001,'Aditya Tatu','Associate Professor'),
(201291002,'Bharani Kollipara','Associate Professor'),
(200791003,'Manoj Kumar Raut','Associate Professor'),
(201491005,'Shweta Garg','Associate Professor'),
(201591002,'Rutu Parekh','Associate Professor'),
(201591006,'Rajib Lochan Das','Associate Professor'),
(201891001,'Kalyan Sashidhar','Associate Professor'),
(201991005,'Tapas Kumar Maiti','Associate Professor'),

(201491004,'Gagan Garg','Assistant Professor'),
(201391003,'Puneet Bhateja','Assistant Professor'),
(201191004,'Sourish Dasgupta','Assistant Professor'),
(201491003,'Nabin Kumar Sahu','Assistant Professor'),
(201891002,'Yash Agrawal','Assistant Professor'),
(201791002,'Manish Khare','Assistant Professor'),
(201891005,'Bakul Gohel','Assistant Professor'),
(201891007,'Srimanta Mandal','Assistant Professor'),
(201591601,'Saurabh Tiwari','Assistant Professor'),
(201991002,'Priyanka Singh','Assistant Professor'),
(201991003,'Supantha Pandit','Assistant Professor'),
(201991004,'Abhishek Jindal','Assistant Professor'),
(201991006,'Ahlad Kumar','Assistant Professor'),
(201991007,'Shruti Bhilare','Assistant Professor'),
(202091001,'Madhu Kant Sharma','Assistant Professor'),
(202091002,'Avik Hati','Assistant Professor'),
(202091003,'Vinay Palaparthy','Assistant Professor'),
(202191001,'Anuj Tawari','Assistant Professor'),
(202191002,'Pritam Anand','Assistant Professor'),
(202191003,'Shefali Jha','Assistant Professor'),
(202191004,'Shailendra Kumar Singh','Assistant Professor'),
(202191005,'Nalin Kumar Sharma','Assistant Professor'),
(202191006,'Manish Kumar','Assistant Professor'),
(201891601,'Vinay Palaparthy','Assistant Professor'),

(201099902,'Dipankar Nagchoudhuti','Adjunct Faculty'),
(201899907,'Jay Prakash Lalchandani','Adjunct Faculty'),
(201791601,'Amit Mankodi','Adjunct Faculty'),
(201791602,'Lavneet Singh','Adjunct Faculty');


---------------- USER_AUTH (STUDENTS) ----------------
INSERT INTO USER_AUTH (user_id, hashed_password) VALUES
(202001051,'hash'),
(202401001,'hash'),
(202401002,'hash'),
(202401003,'hash'),
(202401004,'hash'),
(202401005,'hash'),
(202401006,'hash'),
(202401007,'hash'),
(202401008,'hash'),
(202401009,'hash'),
(202401010,'hash'),
(202401011,'hash'),
(202401012,'hash'),
(202401013,'hash'),
(202401014,'hash'),
(202401015,'hash'),
(202401016,'hash'),
(202401017,'hash'),
(202401020,'hash'),
(202401021,'hash'),
(202401022,'hash'),
(202401023,'hash'),
(202401024,'hash'),
(202401025,'hash'),
(202401026,'hash'),
(202401027,'hash'),
(202401028,'hash'),
(202401029,'hash'),
(202401030,'hash'),
(202401031,'hash'),
(202401032,'hash'),
(202401033,'hash'),
(202401034,'hash'),
(202401035,'hash'),
(202401036,'hash'),
(202401037,'hash'),
(202401038,'hash'),
(202401039,'hash'),
(202401040,'hash'),
(202401041,'hash'),
(202401042,'hash'),
(202401043,'hash'),
(202401044,'hash'),
(202401045,'hash'),
(202401046,'hash'),
(202401047,'hash'),
(202401048,'hash'),
(202401049,'hash'),
(202401050,'hash'),
(202401051,'hash'),
(202401052,'hash'),
(202401053,'hash'),
(202401054,'hash'),
(202401055,'hash'),
(202401056,'hash'),
(202401057,'hash'),
(202401058,'hash'),
(202401059,'hash');



---------------- USER_TABLE (STUDENTS CONTINUED) ----------------
INSERT INTO USER_TABLE (user_id, user_name, designation) VALUES
(202401060,'HARI PANKAJKUMAR PATEL','Student'),
(202401061,'HARI PANKAJKUMAR PATEL','Student'),
(202401062,'HARSH ASNANI','Student'),
(202401063,'GOHEL HIMANSHU SHAILESHBHAI','Student'),
(202401064,'HARSH GOHIL','Student'),
(202401065,'HARSHIT GOYAL','Student'),
(202401066,'HEER RAJESH BHANUSHALI','Student'),
(202401067,'HEET VIMAL SHAH','Student'),
(202401068,'HINGRAJIYA KHUSH KETANBHAI','Student'),
(202401069,'HITANSH','Student'),
(202401070,'JADA MANUSH ALPESHBHAI','Student'),
(202401071,'JADEJA YASHRAJSINH DHVJVANDANSINH','Student'),
(202401072,'JADEJA YASHRAJSINH RAGHUVIRSINH','Student'),
(202401073,'JAIN RIDHANG SANJIV','Student'),
(202401074,'JALODARA PAL VIPULBHAI','Student'),
(202401075,'JEEL','Student'),
(202401076,'JHANVI','Student'),
(202401077,'JOSHI RISHI DHARMESHBHAI','Student'),
(202401078,'KAKADIYA TANVI DHARMENDRAKUMAR','Student'),
(202401079,'ARNAV PANDITA','Student'),
(202401080,'KANANI DARSHIL PARESHBHAI','Student'),
(202401081,'KANETIYA MANTHAN MAHESHBHAI','Student'),
(202401082,'KANIKA PAL','Student'),
(202401083,'KARIYA RAHUL ASHOKBHAI','Student'),
(202401084,'KARTIK','Student'),
(202401085,'KATARA YUVRAJ NATUBHAI','Student'),
(202401086,'KATURI ANUSHREE','Student'),
(202401087,'KAUSHAL DODIA','Student'),
(202401088,'KAVAD JENISH HARESHBHAI','Student'),
(202401089,'KAVISH NARESH INANI','Student'),
(202401090,'KAVYA BHOJWANI','Student'),
(202401091,'KEVIN VIJAYBHAI RANK','Student'),
(202401092,'KHANJAN VISHAL SHAH','Student'),
(202401093,'KHATRI NEEL DEEPAK','Student'),
(202401094,'KIRTAN KAMANI','Student'),
(202401095,'KIRTAN SANDIPKUMAR CHAUDHARI','Student'),
(202401096,'KONARK DIXIT','Student'),
(202401097,'KOTADIYA PRIYANSHIBEN BHAVESHBHAI','Student'),
(202401098,'KRISH VIJAYVERGIYA','Student'),
(202401099,'KRISHA PANKAJ BHUVA','Student'),
(202401100,'KRISHNAA RAKESH PARMAR','Student'),
(202401101,'KRRISH KAMANI','Student'),
(202401102,'KURESHI MOHAMMADJUNAID SALIMALTAF','Student'),
(202401103,'KURESHI MOHAMMED RUHAN ARIF','Student'),
(202401104,'LATHIYA HET ASHOKBHAI','Student'),
(202401105,'LAVINGIYA JAY','Student'),
(202401106,'MADHAV PRAFULBHAI CHAUHAN','Student'),
(202401107,'MAHAKAL JAYMIT NARESHBHAI','Student'),
(202401108,'MAHARSHI HEMANTKUMAR SONI','Student'),
(202401109,'PATEL YASHKUMAR RAKESHBHAI','Student'),
(202401110,'MAKWANA KASHYAP KISHORBHAI','Student'),
(202401111,'MALANI MANALI MUKESHBHAI','Student'),
(202401112,'MANAL PATEL','Student'),
(202401113,'THAKOR BHAVINKUMAR MADARJI','Student'),
(202401114,'MANN RANA','Student'),
(202401115,'MANYA RANA','Student'),
(202401116,'MEHTA RUTVA SANJIVBHAI','Student'),
(202401117,'MEHTA VAISHVI KANDARP','Student'),
(202401118,'MER MALHAR VALLABHBHAI','Student'),
(202401119,'MODI DIVY HIMANSHU','Student'),
(202401120,'MODIYA KRISHKUMAR RAVICHANDRA','Student'),
(202401121,'KODAVALA HARSHKUMAR JAYESHKUMAR','Student'),
(202401122,'MRUNALI RAVINDRASINH PARMAR','Student'),
(202401123,'MUNEET SADHWANI','Student'),
(202401124,'NAGANI DHRUV MUKESHBHAI','Student'),
(202401125,'NAKRANI KAVY HARESHBHAI','Student'),
(202401127,'NAVAR RUSHIRAJ MANHARBHAI','Student'),
(202401128,'NIDHI','Student'),
(202401129,'NISARG TRIVEDI','Student'),
(202401130,'NISHITH THATHAGAR','Student'),
(202401131,'ODEDARA BHARAT','Student'),
(202401133,'PALAK JAYESHBHAI PATEL','Student'),
(202401134,'PANCHAL HARSHKUMAR HITESHBHAI','Student'),
(202401135,'PANCHOTIYA VIVEK','Student'),
(202401136,'PANDYA OM DHARMENDRA','Student'),
(202401137,'PARMAR BHAGYKUMAR GIRISHBHAI','Student'),
(202401138,'PARMAR DEVKUMAR DHIRAJKUMAR','Student'),
(202401139,'PARMAR DIMPLE BHAGVANBHAI','Student'),
(202401140,'PARMAR TUSHAR ASHOKBHAI','Student'),
(202401141,'PARTH SHAKYAWAR','Student'),
(202401142,'PATEL DHRUV RAJESHKUMAR','Student'),
(202401144,'PATEL HARSHILKUMAR SATISHBHAI','Student'),
(202401145,'PATEL JIYA MANOJBHAI','Student'),
(202401146,'SOLANKI SHYAM BHUPENDRABHAI','Student'),
(202401147,'PATEL MUKTIK HIRENKUMAR','Student'),
(202401148,'PATEL NIHAR GIRISHKUMAR','Student'),
(202401149,'PATEL OM BHAVESHBHAI','Student'),
(202401150,'PATEL OM NAVINBHAI','Student'),
(202401151,'PATEL PRINCE ALPESHKUMAR','Student'),
(202401152,'PATEL RAJ RAKESHKUMAR','Student'),
(202401153,'PATEL RAJKUMAR ALKESHBHAI','Student'),
(202401154,'PATEL RASHI KAMALESHKUMAR','Student'),
(202401155,'PATEL SEJAL ALPESHKUMAR','Student'),
(202401156,'PATEL SHLOK HARESHBHAI','Student'),
(202401157,'PATEL TIRTH PRADIPKUMAR','Student'),
(202401158,'PATEL VED RAKESHKUMAR','Student'),
(202401159,'PATEL VRUNDA RAJESHKUMAR','Student'),
(202401160,'PATEL YAGNIK NAVINCHANDRA','Student');

---------------- USER_AUTH (STUDENTS CONTINUED) ----------------
INSERT INTO USER_AUTH (user_id, hashed_password) VALUES
(202401061,'hash'),(202401062,'hash'),(202401063,'hash'),(202401064,'hash'),
(202401065,'hash'),(202401066,'hash'),(202401067,'hash'),(202401068,'hash'),
(202401069,'hash'),(202401070,'hash'),(202401071,'hash'),(202401072,'hash'),
(202401073,'hash'),(202401074,'hash'),(202401075,'hash'),(202401076,'hash'),
(202401077,'hash'),(202401078,'hash'),(202401079,'hash'),(202401080,'hash'),
(202401081,'hash'),(202401082,'hash'),(202401083,'hash'),(202401084,'hash'),
(202401085,'hash'),(202401086,'hash'),(202401087,'hash'),(202401088,'hash'),
(202401089,'hash'),(202401090,'hash'),(202401091,'hash'),(202401092,'hash'),
(202401093,'hash'),(202401094,'hash'),(202401095,'hash'),(202401096,'hash'),
(202401097,'hash'),(202401098,'hash'),(202401099,'hash'),(202401100,'hash'),
(202401101,'hash'),(202401102,'hash'),(202401103,'hash'),(202401104,'hash'),
(202401105,'hash'),(202401106,'hash'),(202401107,'hash'),(202401108,'hash'),
(202401109,'hash'),(202401110,'hash'),(202401111,'hash'),(202401112,'hash'),
(202401113,'hash'),(202401114,'hash'),(202401115,'hash'),(202401116,'hash'),
(202401117,'hash'),(202401118,'hash'),(202401119,'hash'),(202401120,'hash'),
(202401121,'hash'),(202401122,'hash'),(202401123,'hash'),(202401124,'hash'),
(202401125,'hash'),(202401127,'hash'),(202401128,'hash'),(202401129,'hash'),
(202401130,'hash'),(202401131,'hash'),(202401133,'hash'),(202401134,'hash'),
(202401135,'hash'),(202401136,'hash'),(202401137,'hash'),(202401138,'hash'),
(202401139,'hash'),(202401140,'hash'),(202401141,'hash'),(202401142,'hash'),
(202401144,'hash'),(202401145,'hash'),(202401146,'hash'),(202401147,'hash'),
(202401148,'hash'),(202401149,'hash'),(202401150,'hash'),(202401151,'hash'),
(202401152,'hash'),(202401153,'hash'),(202401154,'hash'),(202401155,'hash'),
(202401156,'hash'),(202401157,'hash'),(202401158,'hash'),(202401159,'hash'),
(202401160,'hash');



---------------- USER_TABLE (STUDENTS CONTINUED) ----------------
INSERT INTO USER_TABLE (user_id, user_name, designation) VALUES
(202401161,'POPAT DHAVAL KRUNAL','Student'),
(202401162,'PRAJAPATI HET YOGESHKUMAR','Student'),
(202401163,'PRAJAPATI VISHWABEN RAMESHBHAI','Student'),
(202401164,'PRAKRITI PANDEY','Student'),
(202401165,'PRANAMYA DARSHAK SANGHVI','Student'),
(202401166,'PRANEEL SHARMA','Student'),
(202401167,'PRANSHU PATEL','Student'),
(202401168,'PRAYAG KACHHIA','Student'),
(202401169,'PRITHVIRAJ NILESH NALVAYA','Student'),
(202401170,'PRIYANSU','Student'),
(202401171,'PURVA PARESH KANERIA','Student'),
(202301013,'PARMAR SMIT HARISHBHAI','Student'),
(202301100,'SHUBHAM MISHRA','Student'),
(202301108,'MANASVI RATHORE','Student'),
(202301457,'RATHOD SOHAM RASESHKUMAR','Student'),
(202401172,'PURVI','Student'),
(202401173,'RAHI NARODIA','Student'),
(202401174,'RAJANI ARSHREZA HAIDARALI','Student'),
(202401175,'RAMANI SHYAM BHARATBHAI','Student'),
(202401176,'RANA BHAVI','Student'),
(202401177,'RANAVAT ARYAN KIRITKUMAR','Student'),
(202401178,'RATHOD GAURAV SURESHBHAI','Student'),
(202401179,'RATHOD VIKAS GOPALBHAI','Student'),
(202401180,'RAVAL DHRUV NITINBHAI','Student'),
(202401181,'RAVAL NISARG MEHULBHAI','Student'),
(202401182,'RAVAT YASH DINESHKUMAR','Student'),
(202401183,'RAWAT SHASHANK PRADEEP','Student'),
(202401184,'RUDRA','Student'),
(202401185,'S SRUJAN','Student'),
(202401186,'SALIYA RUDRA DHARMESH','Student'),
(202401187,'SANGHANI PARTH GAURAV','Student'),
(202401188,'SATAPARA PRINS HITESHBHAI','Student'),
(202401189,'SATVIK PARIHAR','Student'),
(202401190,'SAUMYA ALPESH TINNA','Student'),
(202401191,'SAVALIYA PRINCEKUMAR MAHESHBHAI','Student'),
(202401192,'SAVANI KISHAN SATISHBHAI','Student'),
(202401193,'SHAH AARUSHI HARIT','Student'),
(202401194,'SHAH VARSHIL CHINTANBHAI','Student'),
(202401195,'SHARMA HARI MUKESH','Student'),
(202401196,'SHARVIL KAUSHAL SHAH','Student'),
(202401197,'SHAURYA PRATAP SINGH SHEKHAWAT','Student'),
(202401198,'SHERASHIYA RAMIT HITESHBHAI','Student'),
(202401199,'SHERATHIYA DARPAN RIPALBHAI','Student'),
(202401200,'SHETH BHAGY VIPULKUMAR','Student'),
(202401201,'SHILOJA OM RAJESHBHAI','Student'),
(202401202,'SHIVANI CHOUDHARY','Student'),
(202401203,'SHLOK BHAVIK THAKKAR','Student'),
(202401204,'SHLOK NARESHKUMAR UKANI','Student'),
(202401205,'SHOBHASHANA DEEP JAYSUKH','Student'),
(202401206,'SHREYAV KUMAR','Student'),
(202401207,'SODVADIYA DHRUV VIPULBHAI','Student'),
(202401208,'SOHAM SIDDHARTH DOSHI','Student'),
(202401209,'SOLANKI KRISHNA SANJAYKUMAR','Student'),
(202401210,'SOLANKI KUSH RAKESH','Student'),
(202401211,'SOLANKI TIRTH RAM','Student'),
(202401212,'SOLANKI VISMAY PRAVINBHAI','Student'),
(202401213,'SONEJI PRIYANS HIRENBHAI','Student'),
(202401214,'SONI VIKAS KAILASHKUMAR','Student'),
(202401215,'SORATHIYA PARTH HITESHBHAI','Student'),
(202401216,'SUJAL BALVA','Student'),
(202401217,'SUKUN HIREN DALAL','Student'),
(202401218,'SUREJA RUSHIL JAGDISHBHAI','Student'),
(202401219,'SUTARIYA DEEP RAMESHBHAI','Student'),
(202401220,'SUTARIYA LAKSHYA HITESHKUMAR','Student'),
(202401221,'SUTARIYA RAJ KANUBHAI','Student'),
(202401223,'TAKSH DHIRAJKUMAR CHAUHAN','Student'),
(202401224,'TANISHK DHAWAN','Student'),
(202401225,'THAKKAR DEVKUMAR NITINBHAI','Student'),
(202401226,'THESIYA MADHAV MANISH','Student'),
(202401227,'TIRTH DIPAK PATEL','Student'),
(202401228,'TOLANI DHAVAL SATISHBHAI','Student'),
(202401229,'TOPALIYA SHLOK ASHOKBHAI','Student'),
(202401230,'TRIVEDI ATHARV KARTIK','Student'),
(202401231,'UGHAREJA NIRAJ DAYALAL','Student'),
(202401232,'UTKARSH KUMAR','Student'),
(202401233,'VADHER NISHTHABEN MOHITKUMAR','Student'),
(202401234,'VAGHASIYA YUVANSH KISHORBHAI','Student'),
(202401235,'VAGHELA ARJUNSINH RAJENDRASINH','Student'),
(202401236,'VAGHELA DHARMRAJ VIRENDRASINH','Student'),
(202401237,'VAGHELA JAY SANDIPBHAI','Student'),
(202401238,'VAGHELA OM NILESHKUMAR','Student'),
(202401239,'VAMJA KRISH PRAVINBHAI','Student'),
(202401240,'VATALIA VISHVA PRADIPBHAI','Student'),
(202401241,'VATALIYA RONAK JIGNESHKUMAR','Student'),
(202401242,'VED MANILAL BHORANIYA','Student'),
(202401243,'VIRUGAMA MEETKUMAR ANIRUDDHBHAI','Student'),
(202401244,'VISHWAM JAYESH THAKER','Student'),
(202401245,'VYOM RAJENDRAKUMAR PATEL','Student'),
(202401246,'CHAUDHARI JAINISHKUMAR SANJAYBHAI','Student'),
(202401247,'YASH AGARWAL','Student'),
(202401248,'DOSHI YASHVI ANAND','Student'),
(202401249,'CHETAN RAGHAV','Student'),
(202401250,'ARYAN RAKESH KANANI','Student'),
(202401251,'DAVE DHAIRYA KALPESHKUMAR','Student'),
(202401252,'ARVADIYA YAGNIK HARESHKUMAR','Student'),
(202401253,'DODIYA VIVEK RAVIBHAI','Student'),
(202401254,'FULTARIYA DEVKUMAR','Student'),
(202401255,'KACHHADIYA RAJ PRAVINBHAI','Student'),
(202401256,'MALAVIYA YUG KALPESHBHAI','Student'),
(202401257,'NISARTA HARIVADAN JAYENDRAKUMAR','Student'),
(202401258,'PAGI DIYABEN JAYANTILAL','Student'),
(202401259,'PANCHAL PARTHIV','Student'),
(202401260,'PARMAR MADHAV YOGESH','Student'),
(202401261,'PATEL HARSH NIKUNDBHAI','Student'),
(202401262,'NAKUM TANVI DHIREN','Student'),
(202401263,'SOLANKI PARTHKUMAR SAURABHKUMAR','Student'),
(202401264,'SOLANKI TANISKUMAR MEHULBHAI','Student'),
(202401265,'TEJOT HARSHIL RAJENDRABHAI','Student'),
(202401266,'TRIVEDI RUDRA BHAVESHBHAI','Student'),
(202401267,'VADHADIYA KHUSH GHANSHYAMBHAI','Student'),
(202401268,'VAGHELA CHIRAG DILIPBHAI','Student'),
(202401269,'VAGHELA DHVANIT AJAYKUMAR','Student');

---------------- USER_AUTH (STUDENTS CONTINUED) ----------------
INSERT INTO USER_AUTH (user_id, hashed_password) VALUES
(202401161,'hash'),(202401162,'hash'),(202401163,'hash'),(202401164,'hash'),
(202401165,'hash'),(202401166,'hash'),(202401167,'hash'),(202401168,'hash'),
(202401169,'hash'),(202401170,'hash'),(202401171,'hash'),
(202301013,'hash'),(202301100,'hash'),(202301108,'hash'),(202301457,'hash'),
(202401172,'hash'),(202401173,'hash'),(202401174,'hash'),(202401175,'hash'),
(202401176,'hash'),(202401177,'hash'),(202401178,'hash'),(202401179,'hash'),
(202401180,'hash'),(202401181,'hash'),(202401182,'hash'),(202401183,'hash'),
(202401184,'hash'),(202401185,'hash'),(202401186,'hash'),(202401187,'hash'),
(202401188,'hash'),(202401189,'hash'),(202401190,'hash'),(202401191,'hash'),
(202401192,'hash'),(202401193,'hash'),(202401194,'hash'),(202401195,'hash'),
(202401196,'hash'),(202401197,'hash'),(202401198,'hash'),(202401199,'hash'),
(202401200,'hash'),(202401201,'hash'),(202401202,'hash'),(202401203,'hash'),
(202401204,'hash'),(202401205,'hash'),(202401206,'hash'),(202401207,'hash'),
(202401208,'hash'),(202401209,'hash'),(202401210,'hash'),(202401211,'hash'),
(202401212,'hash'),(202401213,'hash'),(202401214,'hash'),(202401215,'hash'),
(202401216,'hash'),(202401217,'hash'),(202401218,'hash'),(202401219,'hash'),
(202401220,'hash'),(202401221,'hash'),(202401223,'hash'),(202401224,'hash'),
(202401225,'hash'),(202401226,'hash'),(202401227,'hash'),(202401228,'hash'),
(202401229,'hash'),(202401230,'hash'),(202401231,'hash'),(202401232,'hash'),
(202401233,'hash'),(202401234,'hash'),(202401235,'hash'),(202401236,'hash'),
(202401237,'hash'),(202401238,'hash'),(202401239,'hash'),(202401240,'hash'),
(202401241,'hash'),(202401242,'hash'),(202401243,'hash'),(202401244,'hash'),
(202401245,'hash'),(202401246,'hash'),(202401247,'hash'),(202401248,'hash'),
(202401249,'hash'),(202401250,'hash'),(202401251,'hash'),(202401252,'hash'),
(202401253,'hash'),(202401254,'hash'),(202401255,'hash'),(202401256,'hash'),
(202401257,'hash'),(202401258,'hash'),(202401259,'hash'),(202401260,'hash'),
(202401261,'hash'),(202401262,'hash'),(202401263,'hash'),(202401264,'hash'),
(202401265,'hash'),(202401266,'hash'),(202401267,'hash'),(202401268,'hash'),
(202401269,'hash');




---------------- USER_TABLE (STUDENTS CONTINUED) ----------------
INSERT INTO USER_TABLE (user_id, user_name, designation) VALUES
(202401401,'ADITYA VAISH','Student'),
(202401402,'ADITYA RATHOD','Student'),
(202401403,'ANAYA NISARG SHAH','Student'),
(202401404,'ARPIT PAYASI','Student'),
(202401405,'ARYANKUMAR DALSANIYA','Student'),
(202401406,'BARIA JAYRAJKUMAR BABUBHAI','Student'),
(202401407,'BHATT MANTHAN KAMLESH','Student'),
(202401408,'BHATT MARM TRILOKBHAI','Student'),
(202401409,'BHAVYA MODI','Student'),
(202401410,'BHUVA DIYA SURESHBHAI','Student'),
(202401411,'CHAUDHARI NAISARGI KASHIRAMBHAI','Student'),
(202401412,'CHAUHAN YUVRAJ CHIMANBHAI','Student'),
(202401413,'DAVE ADITYA SUNIL','Student'),
(202401414,'BAROT AASTHA NIRANJAN','Student'),
(202401415,'DHRUVAM KANAIYALAL PANCHAL','Student'),
(202401416,'DHRUVIL','Student'),
(202401417,'DITANI TIRTH DIVYESH','Student'),
(202401418,'DWIJ RIKIN PATEL','Student'),
(202401419,'GADARA PRINCE NANDLALBHAI','Student'),
(202401420,'GAJERA TIRTH HIMMATBHAI','Student'),
(202401421,'GANDHI KUSH MEGHAL','Student'),
(202401422,'GOYANI SHUBH DINESHBHAI','Student'),
(202401423,'GUNSAI NEETI PRATAPPURI','Student'),
(202401424,'HALANI KAVYA JANAKKUMAR','Student'),
(202401425,'HEET YOGENDRAKUMAR MALLI','Student'),
(202401426,'JENISH JIGNESH GANDHI','Student'),
(202401427,'KAPADIYA HET JAYANTKUMAR','Student'),
(202401428,'KAVYA K PATEL','Student'),
(202401429,'KRISH HITENDRAKUMAR PAGHADAR','Student'),
(202401430,'LIMBASIYA JAY VINODBHAI','Student'),
(202401431,'LUHAR CHANDAN CHHAGANLAL','Student'),
(202401432,'MARADIYA DEV MANISHBHAI','Student'),
(202401433,'MISTRI DHRUVKUMAR HIMATBHAI','Student'),
(202401434,'MISTRY JENIL JAYESHKUMAR','Student'),
(202401435,'MODI AARYAN DARSHANKUMAR','Student'),
(202401436,'MORI VATSAL AJAYSINH','Student'),
(202401437,'NIRVA NADAPARA','Student'),
(202401438,'OM ASHWINBHAI SUTARIYA','Student'),
(202401439,'OM HARESHBHAI PATEL','Student'),
(202401440,'PANARA ARYAN DINESHBHAI','Student'),
(202401441,'PANCHAL NIRANJAN BHARATBHAI','Student'),
(202401442,'PARIKH HARSHUL GIRISHBHAI','Student'),
(202401443,'PARIKH VANSHI MEHUL','Student'),
(202401444,'PARMAR DIGVIJAY KARANSINH','Student'),
(202401445,'PATEL DEVARSHI KALPESHBHAI','Student'),
(202401446,'PATEL DIVYA MUKESHBHAI','Student'),
(202401447,'PATEL JANVI VIMALBHAI','Student'),
(202401448,'PATEL KUSH CHETANKUMAR','Student'),
(202401449,'PATEL SHREY RAVINDRA','Student'),
(202401450,'PATEL SHREYA ANILKUMAR','Student'),
(202401451,'PATEL VISHWA DILIPBHAI','Student'),
(202401452,'PRERAK PATEL','Student'),
(202401453,'PRIT JAYESHBHAI KASUNDRA','Student'),
(202401454,'QURESHI MOHAMMEDTABREZ MOHAMMEDJABIR','Student'),
(202401456,'RANA NIRAV','Student'),
(202401457,'RATHOD FEMINA ASHISHBHAI','Student'),
(202401458,'RATHOD KRISH MAHESHKUMAR','Student'),
(202401460,'RIYA PRAXEP SONI','Student'),
(202401461,'RUDRA MEHUL BHATT','Student'),
(202401462,'MANGROLIYA UTPAL PARESHBHAI','Student'),
(202401463,'RUSHABH CHETASBHAI SHAH','Student'),
(202401464,'SAMYAK RUSHABH SHAH','Student'),
(202401465,'SANGHAVI TANISH SAURIN','Student'),
(202401467,'SHAH DHVANIT HIMANSHUKUMAR','Student'),
(202401468,'SHAH HARSHIL SANJAY','Student'),
(202401469,'SHAH HILAG RASESH','Student'),
(202401470,'SHAH KEVAL PARINKUMAR','Student'),
(202401471,'SHAH KHUSHI SHAILESH','Student'),
(202401472,'SHAH SAUMYA SWAPNIL','Student'),
(202401473,'SHAH SIDDH BHAVIK','Student'),
(202401474,'SHAH TANISHQ DEEPAKBHAI','Student'),
(202401475,'SHAH VEDANT SANJAYKUMAR','Student'),
(202401476,'GOHEL SHLOK JAYESHBHAI','Student'),
(202401477,'SHRIPAL ISHIT SIDHDHARTH','Student'),
(202401478,'SHUBH KASHYAP PATEL','Student'),
(202401479,'SHUKLA KARAN BHAIRAV','Student'),
(202401480,'SOLANKI YAJAT ARVINDKUMAR','Student'),
(202401481,'SOLANKI YASHRAJSINH NANKUJI','Student'),
(202401482,'THAKKAR ZALAK ARVINDBHAI','Student'),
(202401483,'THANKI SHIVAM BHARATBHAI','Student'),
(202401484,'TIRTH PIYUSHBHAI PATEL','Student'),
(202401485,'TITA DARSHAN VIJAYBHAI','Student'),
(202401486,'TRIAMBIKA VASHISTH','Student'),
(202401487,'UMA SAINITIN BURRA','Student'),
(202401488,'VADI QUINCY HIREN','Student'),
(202401489,'VAGHELA YASH ABHAYKUMAR','Student'),
(202401490,'VAISHNAV PRIYAM BHARATKUMAR','Student'),
(202401491,'VEKARIYA BHAVYA CHETANBHAI','Student'),
(202401492,'VEKARIYA NISARG PRAFULRAY','Student'),
(202401493,'YASH OZA','Student'),
(202401494,'YUG PRAJAPATI','Student'),
(202401495,'ZANIA PRITKUMAR MANUBHAI','Student'),
(202401496,'VAGHELA KHUSH BHARATBHAI','Student'),
(202401497,'CHAVDA RUTURAJ PARESHBHAI','Student'),
(202401498,'MODI DEVANSHI','Student');

---------------- USER_AUTH (STUDENTS CONTINUED) ----------------
INSERT INTO USER_AUTH (user_id, hashed_password) VALUES
(202401401,'hash'),(202401402,'hash'),(202401403,'hash'),(202401404,'hash'),
(202401405,'hash'),(202401406,'hash'),(202401407,'hash'),(202401408,'hash'),
(202401409,'hash'),(202401410,'hash'),(202401411,'hash'),(202401412,'hash'),
(202401413,'hash'),(202401414,'hash'),(202401415,'hash'),(202401416,'hash'),
(202401417,'hash'),(202401418,'hash'),(202401419,'hash'),(202401420,'hash'),
(202401421,'hash'),(202401422,'hash'),(202401423,'hash'),(202401424,'hash'),
(202401425,'hash'),(202401426,'hash'),(202401427,'hash'),(202401428,'hash'),
(202401429,'hash'),(202401430,'hash'),(202401431,'hash'),(202401432,'hash'),
(202401433,'hash'),(202401434,'hash'),(202401435,'hash'),(202401436,'hash'),
(202401437,'hash'),(202401438,'hash'),(202401439,'hash'),(202401440,'hash'),
(202401441,'hash'),(202401442,'hash'),(202401443,'hash'),(202401444,'hash'),
(202401445,'hash'),(202401446,'hash'),(202401447,'hash'),(202401448,'hash'),
(202401449,'hash'),(202401450,'hash'),(202401451,'hash'),(202401452,'hash'),
(202401453,'hash'),(202401454,'hash'),(202401456,'hash'),(202401457,'hash'),
(202401458,'hash'),(202401460,'hash'),(202401461,'hash'),(202401462,'hash'),
(202401463,'hash'),(202401464,'hash'),(202401465,'hash'),(202401467,'hash'),
(202401468,'hash'),(202401469,'hash'),(202401470,'hash'),(202401471,'hash'),
(202401472,'hash'),(202401473,'hash'),(202401474,'hash'),(202401475,'hash'),
(202401476,'hash'),(202401477,'hash'),(202401478,'hash'),(202401479,'hash'),
(202401480,'hash'),(202401481,'hash'),(202401482,'hash'),(202401483,'hash'),
(202401484,'hash'),(202401485,'hash'),(202401486,'hash'),(202401487,'hash'),
(202401488,'hash'),(202401489,'hash'),(202401490,'hash'),(202401491,'hash'),
(202401492,'hash'),(202401493,'hash'),(202401494,'hash'),(202401495,'hash'),
(202401496,'hash'),(202401497,'hash'),(202401498,'hash');



// EVENT DATA //
SET search_path TO UniReserve;

INSERT INTO EVENT_TABLE (event_id, event_name, start_datetime, end_datetime, room_id, creator_id) VALUES

(1,'Deep Learning and Artificial Intelligence: Principles & Practice',
'2026-03-09 09:00','2026-03-13 17:00',2101,200291014),

(2,'Design Thinking for Innovation and Entrepreneurship',
'2026-01-30 09:30','2026-01-31 18:00',2102,200391003),

(3,'Exploring Differential Equations through MATLAB',
'2025-01-03 10:00','2025-01-03 17:00',2103,200391004),

(4,'ACM India Winter School on Algorithms for Big Data & ML',
'2024-12-16 09:00','2024-12-24 18:00',3001,201791001),

(5,'IEEE Smart Village Symposium (International Conference)',
'2024-11-07 10:00','2024-11-08 17:30',3002,200391005),

(6,'Data Analysis using Python',
'2024-06-24 10:00','2024-06-28 17:00',2104,200291008),

(7,'AI and its Applications in VLSI Design',
'2024-06-17 09:00','2024-06-21 17:00',2105,200691005),

(8,'Summer School on Speech Signal Processing (S4P)',
'2024-07-06 09:00','2024-07-10 18:00',2106,200691007),

(9,'Innovation in Motion - Transportation Future (ITSS Workshop)',
'2024-03-16 11:00','2024-03-16 17:00',1101,201391001);




INSERT INTO GROUP_TABLE (group_id, group_name) VALUES

-- Student Committees (SBG)
(1,'Academic Committee'),
(2,'Cultural Committee'),
(3,'Sports Committee'),
(4,'Student Placement Cell'),
(5,'Hostel Management Committee'),
(6,'Cafeteria Management Committee'),
(7,'Annual Festival Committee (Synapse)'),
(8,'TechSupport Committee'),
(9,'Finance Committee'),

-- Technical & Academic Clubs
(10,'Programming Club'),
(11,'IEEE Student Branch'),
(12,'Google Developer Group (GDG)'),
(13,'Microsoft Student Technical Club (MSTC)'),
(14,'AI Club'),
(15,'Electronics Hobby Club (EHC)'),
(16,'Business Club'),
(17,'Research Club'),
(18,'Open Source Software (OSS) Club'),

-- Cultural & Hobby Clubs
(19,'DA-IICT Theatre Group (DTG)'),
(20,'DA-IICT Dance Club (DADC)'),
(21,'Music Club'),
(22,'Photography and Movie Making Club (PMMC)'),
(23,'Debating Society'),
(24,'Headrush (Quizzing Club)'),
(25,'Muse (Designing Club)'),
(26,'Radio Club'),
(27,'Press Club'),
(28,'Khelaiya Club (Garba/Folk)'),
(29,'Nature Club (Sambhav)');



// UPDATED ROOMS!
SET search_path TO UniReserve;

INSERT INTO ROOM (room_id, room_name, capacity) VALUES

-- GROUND FLOOR
(1001,'Electrical Room',0),
(1002,'MDes. IUXD Studio',100),
(1003,'Classroom',100),
(1004,'EVD Lab - I',120),
(1005,'MMD Studio - 01',50),
(1006,'MMD Studio - 02',50),
(1007,'Speech Research Lab',120),
(1008,'DCEI Office - 02',50),
(1009,'Smart City Lab',120),
(1010,'Supercomputer Facility',50),
(1011,'HPC Lab',100),
(1012,'Conference Room',100),
(1013,'Security Room',0),

-- FIRST FLOOR
(1101,'CoE Control Room',0),
(1102,'Auditorium',200),
(1103,'Classroom',120),
(1104,'Classroom',50),
(1105,'Classroom',50),
(1106,'Classroom',120),
(1107,'Classroom',50),
(1108,'Classroom',120),
(1109,'CSys Lab',50),
(1110,'Classroom',200),
(1111,'Record Room',0),

-- SECOND FLOOR
(1201,'Radio Room',0),
(1202,'Classroom',100),
(1203,'Classroom',100),
(1204,'Classroom',120),
(1205,'Classroom',50),
(1206,'Classroom',50),
(1207,'Classroom',120),
(1208,'System Design Lab',50),
(1209,'Classroom',120),
(1210,'ICESD Lab',50),
(1211,'AIP Computational Lab',100),
(1212,'Classroom',100),
(1213,'Record Room',0);

---------------- LAB ROOMS ----------------

INSERT INTO ROOM (room_id, room_name, capacity) VALUES

-- GROUND FLOOR
(2001,'Computer Lab',70),
(2002,'Computer Lab',70),
(2003,'Business Lab - Research Lab',20),
(2004,'Computer Lab',60),
(2005,'Computer Lab',60),
(2006,'Integrated Laboratory',20),
(2007,'Computer Lab',70),
(2008,'Computer Lab',70),
(2009,'EVD Lab - II',20),
(2010,'AIP Training Lab',20),
(2011,'Electrical Room',70),
(2012,'Security Room',0),
(2013,'Computer Network Lab',20),
(2014,'Server Farm',0),

-- FIRST FLOOR
(2101,'Electronics Lab',70),
(2102,'Electronics Lab',70),
(2104,'Electronics Lab',60),
(2105,'Computer Network Lab',60),
(2106,'Lab Store',20),
(2107,'Electronics Lab',70),
(2108,'DSP Lab',70),
(2109,'CSPMI / INR Lab',20),
(2110,'MTech Lab - II',70),
(2111,'Electrical Room',20),
(2112,'RF Lab',20),
(2113,'Help Desk',0),

-- SECOND FLOOR
(2201,'MTech Lab-I',70),
(2202,'Research Lab',70),
(2203,'Microsystems Research Lab',20),
(2204,'General Lab',60),
(2205,'VLSI Lab',60),
(2206,'ULP Integrated Circuits Lab',20),
(2207,'Computational Science & HPC Lab',70),
(2208,'Research Lab',70),
(2209,'Robotics & Autonomous Systems Lab',20),
(2210,'MSc(DS) Lab',20),
(2211,'Electrical Room',70),
(2212,'Security Room',20),
(2213,'IoT Lab',20),
(2214,'Switch Room',20),
(2215,'Staff Room',20);

INSERT INTO ROOM (room_id, room_name, capacity) VALUES
(3001,'LT-1',200),
(3002,'LT-2',350),
(3003,'LT-3',450);

---------------- GROUP_SUPERVISOR ----------------
INSERT INTO GROUP_SUPERVISOR (group_id, user_id) VALUES
(1,200291014),
(2,200391003),
(3,200391004),
(4,200391005),
(5,200391002),
(6,200291008),
(7,200691005),
(8,200691007),
(10,201391001),
(14,201091002);


---------------- GROUP_REPRESENTATIVE ----------------
INSERT INTO GROUP_REPRESENTATIVE (group_id, user_id) VALUES
(1,202401080),
(2,202401081),
(3,202401082),
(4,202401083),
(5,202401084),
(6,202401085),
(7,202401086),
(10,202401087),
(11,202401088),
(14,202401089);


---------------- ROOM_REPRESENTATIVE ----------------
INSERT INTO ROOM_REPRESENTATIVE (room_id, user_id) VALUES
(1003,202401090),
(1102,202401091),
(1103,202401092),
(1202,202401093),
(1203,202401094),
(2101,202401095),
(2102,202401096),
(2104,202401097),
(3001,202401098),
(3002,202401099);


---------------- ROOM_BOOKING_REQUEST ----------------
INSERT INTO ROOM_BOOKING_REQUEST 
VALUES
(1,202401100,1102,'2026-04-01 10:00','2026-04-01 12:00','Seminar','AI Seminar','APPROVED'),
(2,202401101,1202,'2026-04-01 14:00','2026-04-01 16:00','Lecture','Guest Lecture','APPROVED'),
(3,202401102,2101,'2026-04-02 10:00','2026-04-02 13:00','Lab','Project Work','PENDING'),
(4,202401103,1103,'2026-04-02 11:00','2026-04-02 13:00','Workshop','ML Workshop','APPROVED'),
(5,202401104,1203,'2026-04-03 09:30','2026-04-03 11:30','Meeting','Club Meeting','APPROVED'),
(6,202401105,2104,'2026-04-03 14:00','2026-04-03 17:00','Practice','Coding Practice','PENDING'),
(7,202401106,1102,'2026-04-04 10:00','2026-04-04 13:00','Seminar','Data Science','APPROVED'),
(8,202401107,1204,'2026-04-04 14:00','2026-04-04 16:00','Discussion','Research Talk','APPROVED'),
(9,202401108,2105,'2026-04-05 10:00','2026-04-05 12:00','Lab','Network Lab','PENDING'),
(10,202401109,1104,'2026-04-05 13:00','2026-04-05 15:00','Class','Extra Class','APPROVED');


---------------- INDIVIDUAL_BOOKING_REQUEST ----------------
INSERT INTO INDIVIDUAL_BOOKING_REQUEST 
VALUES
(1,202401110,202401111,'2026-04-06 10:00','2026-04-06 11:00','Discussion','Project','APPROVED',1003),
(2,202401112,202401113,'2026-04-06 11:30','2026-04-06 12:30','Meeting','Academic','PENDING',1103),
(3,202401114,202401115,'2026-04-06 14:00','2026-04-06 15:00','Practice','Presentation','APPROVED',1203),
(4,202401116,202401117,'2026-04-07 10:00','2026-04-07 11:00','Discussion','Assignment','APPROVED',1202),
(5,202401118,202401119,'2026-04-07 12:00','2026-04-07 13:00','Meeting','Planning','PENDING',1102),
(6,202401120,202401121,'2026-04-07 14:00','2026-04-07 15:00','Practice','Interview Prep','APPROVED',1004),
(7,202401122,202401123,'2026-04-08 10:00','2026-04-08 11:00','Discussion','Coding','APPROVED',1204),
(8,202401124,202401125,'2026-04-08 11:30','2026-04-08 12:30','Meeting','Study','PENDING',1105),
(9,202401126,202401127,'2026-04-08 14:00','2026-04-08 15:00','Practice','Seminar','APPROVED',1205),
(10,202401128,202401129,'2026-04-09 10:00','2026-04-09 11:00','Discussion','Project','APPROVED',1206);


---------------- GROUP_BOOKING_REQUEST ----------------
INSERT INTO GROUP_BOOKING_REQUEST 
VALUES
(1,202401130,1,'2026-04-10 10:00','2026-04-10 12:00','Meeting','Committee Meeting','APPROVED',1102),
(2,202401131,2,'2026-04-10 14:00','2026-04-10 17:00','Practice','Dance Practice','APPROVED',1202),
(3,202401132,3,'2026-04-11 09:30','2026-04-11 11:30','Practice','Sports Strategy','PENDING',1103),
(4,202401133,10,'2026-04-11 14:00','2026-04-11 17:00','Hackathon','Coding Event','APPROVED',2104),
(5,202401134,11,'2026-04-12 10:00','2026-04-12 13:00','Seminar','IEEE Talk','APPROVED',3001),
(6,202401135,14,'2026-04-12 14:00','2026-04-12 16:00','Session','AI Club Meet','APPROVED',2101),
(7,202401136,17,'2026-04-13 10:00','2026-04-13 12:00','Discussion','Research Discussion','PENDING',1203),
(8,202401137,5,'2026-04-13 14:00','2026-04-13 16:00','Meeting','Hostel Issues','APPROVED',1102),
(9,202401138,6,'2026-04-14 10:00','2026-04-14 12:00','Meeting','Canteen Review','APPROVED',1202),
(10,202401139,8,'2026-04-14 14:00','2026-04-14 17:00','Tech Support','System Setup','PENDING',2105);


---------------- GROUP_EVENT ----------------
INSERT INTO GROUP_EVENT (group_id, event_id) VALUES
(14,1),
(12,2),
(17,3),
(10,4),
(11,5),
(10,6),
(14,7),
(15,8),
(16,9),
(1,2),
(2,9),
(3,6),
(5,1),
(6,2),
(7,4);